{
    "5976110749": {
        "plan": "𝗩𝗜𝗣",
        "timer": "2024-04-02 08:16"
    },
    "-1001984110076": {
        "plan": "𝗩𝗜𝗣",
        "timer": "2025-04-08 23:25",
        "paln": "𝗙𝗥𝗘𝗘"
    },
    "1490490774": {
        "plan": "𝗙𝗥𝗘𝗘",
        "timer": "none"
    },
    "1119540904": {
        "plan": "𝗙𝗥𝗘𝗘",
        "timer": "none"
    },
    "5190472219": {
        "plan": "𝗙𝗥𝗘𝗘",
        "timer": "none"
    },
    "1742931040": {
        "plan": "𝗙𝗥𝗘𝗘",
        "timer": "none"
    },
    "7179224176": {
        "plan": "𝗙𝗥𝗘𝗘",
        "timer": "none"
    },
    "5267630441": {
        "plan": "𝗩𝗜𝗣",
        "timer": "2024-04-12 06:41"
    },
    "6078305836": {
        "plan": "𝗩𝗜𝗣",
        "timer": "2024-04-08 06:11"
    },
    "1932257898": {
        "plan": "𝗙𝗥𝗘𝗘",
        "timer": "none"
    },
    "7167390633": {
        "plan": "𝗩𝗜𝗣",
        "timer": "2024-07-16 00:18"
    },
    "6365537569": {
        "plan": "𝗙𝗥𝗘𝗘",
        "timer": "none"
    },
    "1786261405": {
        "plan": "𝗙𝗥𝗘𝗘",
        "timer": "none"
    },
    "5562241012": {
        "plan": "𝗙𝗥𝗘𝗘",
        "timer": "none"
    },
    "1766503323": {
        "plan": "𝗩𝗜𝗣",
        "timer": "2024-07-11 19:54"
    },
    "7444613263": {
        "plan": "𝗙𝗥𝗘𝗘",
        "timer": "none"
    },
    "5804676024": {
        "plan": "𝗩𝗜𝗣",
        "timer": "none",
        "paln": "𝗙𝗥𝗘𝗘"
    },
    "5868868997": {
        "plan": "𝗙𝗥𝗘𝗘",
        "timer": "none"
    },
    "5386467243": {
        "plan": "𝗩𝗜𝗣",
        "timer": "none",
        "paln": "𝗙𝗥𝗘𝗘"
    },
    "1479667611": {
        "plan": "𝗙𝗥𝗘𝗘",
        "timer": "none"
    },
    "6788660703": {
        "plan": "𝗙𝗥𝗘𝗘",
        "timer": "none"
    },
    "6832956326": {
        "plan": "𝗙𝗥𝗘𝗘",
        "timer": "none"
    },
    "ccmerochk-18ET-ICWV-ZA25": {
        "plan": "𝗩𝗜𝗣",
        "time": "2024-07-11 17:02"
    },
    "6202432269": {
        "plan": "𝗙𝗥𝗘𝗘",
        "timer": "none"
    },
    "6523502759": {
        "plan": "𝗙𝗥𝗘𝗘",
        "timer": "none"
    },
    "1658324319": {
        "plan": "𝗙𝗥𝗘𝗘",
        "timer": "none"
    },
    "1912948337": {
        "plan": "𝗙𝗥𝗘𝗘",
        "timer": "none"
    },
    "2134456129": {
        "plan": "𝗩𝗜𝗣",
        "timer": "2024-09-01 09:56",
        "paln": "𝗙𝗥𝗘𝗘"
    },
    "5455316487": {
        "plan": "𝗙𝗥𝗘𝗘",
        "timer": "none"
    },
    "5850458356": {
        "plan": "𝗙𝗥𝗘𝗘",
        "timer": "none"
    },
    "6654915760": {
        "plan": "𝗙𝗥𝗘𝗘",
        "timer": "none"
    },
    "6481163712": {
        "plan": "𝗙𝗥𝗘𝗘",
        "timer": "none"
    },
    "5335980719": {
        "plan": "𝗙𝗥𝗘𝗘",
        "timer": "none"
    },
    "5068577402": {
        "plan": "𝗙𝗥𝗘𝗘",
        "timer": "none"
    },
    "6503904254": {
        "plan": "𝗙𝗥𝗘𝗘",
        "timer": "none"
    },
    "1517872056": {
        "plan": "𝗙𝗥𝗘𝗘",
        "timer": "none"
    },
    "6509631910": {
        "plan": "𝗙𝗥𝗘𝗘",
        "timer": "none"
    },
    "7021196354": {
        "plan": "𝗙𝗥𝗘𝗘",
        "timer": "none"
    },
    "5268095641": {
        "plan": "𝗙𝗥𝗘𝗘",
        "timer": "none"
    },
    "6107315880": {
        "plan": "𝗙𝗥𝗘𝗘",
        "timer": "none"
    },
    "5218554102": {
        "plan": "𝗙𝗥𝗘𝗘",
        "timer": "none"
    },
    "6953747634": {
        "plan": "𝗙𝗥𝗘𝗘",
        "timer": "none"
    },
    "6899230909": {
        "plan": "𝗙𝗥𝗘𝗘",
        "timer": "none"
    },
    "1376146287": {
        "plan": "𝗙𝗥𝗘𝗘",
        "timer": "none"
    },
    "6799105228": {
        "plan": "𝗙𝗥𝗘𝗘",
        "timer": "none"
    },
    "6650927420": {
        "plan": "𝗙𝗥𝗘𝗘",
        "timer": "none"
    },
    "6898250391": {
        "plan": "𝗙𝗥𝗘𝗘",
        "timer": "none"
    },
    "1875307153": {
        "plan": "𝗩𝗜𝗣",
        "timer": "2024-07-18 00:20"
    },
    "5272429895": {
        "plan": "𝗙𝗥𝗘𝗘",
        "timer": "none"
    },
    "5099713159": {
        "plan": "𝗙𝗥𝗘𝗘",
        "timer": "none"
    },
    "5067568050": {
        "plan": "𝗙𝗥𝗘𝗘",
        "timer": "none"
    },
    "1530918532": {
        "plan": "𝗙𝗥𝗘𝗘",
        "timer": "none"
    },
    "6813579317": {
        "plan": "𝗙𝗥𝗘𝗘",
        "timer": "none"
    },
    "6314952650": {
        "plan": "𝗙𝗥𝗘𝗘",
        "timer": "none"
    },
    "5165875697": {
        "plan": "𝗙𝗥𝗘𝗘",
        "timer": "none"
    },
    "1071071318": {
        "plan": "𝗙𝗥𝗘𝗘",
        "timer": "none"
    },
    "5533440339": {
        "plan": "𝗙𝗥𝗘𝗘",
        "timer": "none"
    },
    "1701465279": {
        "plan": "𝗙𝗥𝗘𝗘",
        "timer": "none"
    },
    "7070973242": {
        "plan": "𝗙𝗥𝗘𝗘",
        "timer": "none"
    },
    "6500661472": {
        "plan": "𝗙𝗥𝗘𝗘",
        "timer": "none"
    },
    "7259885083": {
        "plan": "𝗙𝗥𝗘𝗘",
        "timer": "none"
    },
    "6303210015": {
        "plan": "𝗙𝗥𝗘𝗘",
        "timer": "none"
    },
    "5004826626": {
        "plan": "𝗙𝗥𝗘𝗘",
        "timer": "none"
    },
    "7097557622": {
        "plan": "𝗙𝗥𝗘𝗘",
        "timer": "none"
    },
    "5522094532": {
        "plan": "𝗙𝗥𝗘𝗘",
        "timer": "none"
    },
    "5978411897": {
        "plan": "𝗙𝗥𝗘𝗘",
        "timer": "none"
    },
    "1870211537": {
        "plan": "𝗙𝗥𝗘𝗘",
        "timer": "none"
    },
    "7182201208": {
        "plan": "𝗙𝗥𝗘𝗘",
        "timer": "none"
    },
    "1815616383": {
        "plan": "𝗙𝗥𝗘𝗘",
        "timer": "none"
    },
    "1198583929": {
        "plan": "𝗙𝗥𝗘𝗘",
        "timer": "none"
    },
    "ccmerochk-966F-M8LO-XHI0": {
        "plan": "𝗩𝗜𝗣",
        "time": "2024-07-18 09:07"
    },
    "1518949688": {
        "plan": "𝗩𝗜𝗣",
        "timer": "2024-07-17 06:40"
    },
    "6677228029": {
        "plan": "𝗙𝗥𝗘𝗘",
        "timer": "none"
    },
    "7336739188": {
        "plan": "𝗙𝗥𝗘𝗘",
        "timer": "none"
    },
    "777000": {
        "plan": "𝗙𝗥𝗘𝗘",
        "timer": "none"
    },
    "6989709226": {
        "plan": "𝗙𝗥𝗘𝗘",
        "timer": "none"
    },
    "5966476083": {
        "plan": "𝗙𝗥𝗘𝗘",
        "timer": "none"
    },
    "6119478657": {
        "plan": "𝗙𝗥𝗘𝗘",
        "timer": "none"
    },
    "6097166179": {
        "plan": "𝗙𝗥𝗘𝗘",
        "timer": "none"
    },
    "1437433370": {
        "plan": "𝗙𝗥𝗘𝗘",
        "timer": "none"
    },
    "7137477686": {
        "plan": "𝗙𝗥𝗘𝗘",
        "timer": "none"
    },
    "6115386712": {
        "plan": "𝗙𝗥𝗘𝗘",
        "timer": "none"
    },
    "6480131912": {
        "plan": "𝗙𝗥𝗘𝗘",
        "timer": "none"
    },
    "1954968104": {
        "plan": "𝗙𝗥𝗘𝗘",
        "timer": "none"
    },
    "7475041747": {
        "plan": "𝗙𝗥𝗘𝗘",
        "timer": "none"
    },
    "7413931908": {
        "plan": "𝗙𝗥𝗘𝗘",
        "timer": "none"
    },
    "1248279743": {
        "plan": "𝗙𝗥𝗘𝗘",
        "timer": "none"
    },
    "1189972878": {
        "plan": "𝗩𝗜𝗣",
        "timer": "2024-07-17 06:18"
    },
    "7194121335": {
        "plan": "𝗙𝗥𝗘𝗘",
        "timer": "none"
    },
    "373340559": {
        "plan": "𝗙𝗥𝗘𝗘",
        "timer": "none"
    },
    "6696884055": {
        "plan": "𝗙𝗥𝗘𝗘",
        "timer": "none"
    },
    "6552047852": {
        "plan": "𝗙𝗥𝗘𝗘",
        "timer": "none"
    },
    "5878566996": {
        "plan": "𝗙𝗥𝗘𝗘",
        "timer": "none"
    },
    "5960954194": {
        "plan": "𝗙𝗥𝗘𝗘",
        "timer": "none"
    },
    "1443263219": {
        "plan": "𝗙𝗥𝗘𝗘",
        "timer": "none"
    },
    "5587962350": {
        "plan": "𝗙𝗥𝗘𝗘",
        "timer": "none"
    },
    "6929895502": {
        "plan": "𝗙𝗥𝗘𝗘",
        "timer": "none"
    },
    "7155438041": {
        "plan": "𝗙𝗥𝗘𝗘",
        "timer": "none"
    },
    "1363327573": {
        "plan": "𝗙𝗥𝗘𝗘",
        "timer": "none"
    },
    "5943510768": {
        "plan": "𝗙𝗥𝗘𝗘",
        "timer": "none"
    },
    "5330041726": {
        "plan": "𝗙𝗥𝗘𝗘",
        "timer": "none"
    },
    "5789855656": {
        "plan": "𝗩𝗜𝗣",
        "timer": "2024-07-17 06:27"
    },
    "7298147739": {
        "plan": "𝗙𝗥𝗘𝗘",
        "timer": "none"
    },
    "1897048076": {
        "plan": "𝗙𝗥𝗘𝗘",
        "timer": "none"
    },
    "5803376155": {
        "plan": "𝗙𝗥𝗘𝗘",
        "timer": "none"
    },
    "1010642231": {
        "plan": "𝗙𝗥𝗘𝗘",
        "timer": "none"
    },
    "7429462839": {
        "plan": "𝗙𝗥𝗘𝗘",
        "timer": "none"
    },
    "7123289513": {
        "plan": "𝗙𝗥𝗘𝗘",
        "timer": "none"
    },
    "920458191": {
        "plan": "𝗙𝗥𝗘𝗘",
        "timer": "none"
    },
    "6532399074": {
        "plan": "𝗙𝗥𝗘𝗘",
        "timer": "none"
    },
    "5632238463": {
        "plan": "𝗙𝗥𝗘𝗘",
        "timer": "none"
    },
    "5598889400": {
        "plan": "𝗙𝗥𝗘𝗘",
        "timer": "none"
    },
    "1335908617": {
        "plan": "𝗙𝗥𝗘𝗘",
        "timer": "none"
    },
    "7181318714": {
        "plan": "𝗙𝗥𝗘𝗘",
        "timer": "none"
    },
    "6722777818": {
        "plan": "𝗙𝗥𝗘𝗘",
        "timer": "none"
    },
    "6483869287": {
        "plan": "𝗙𝗥𝗘𝗘",
        "timer": "none"
    },
    "6523153741": {
        "plan": "𝗙𝗥𝗘𝗘",
        "timer": "none"
    },
    "1825382608": {
        "plan": "𝗙𝗥𝗘𝗘",
        "timer": "none"
    },
    "5877996058": {
        "plan": "𝗙𝗥𝗘𝗘",
        "timer": "none"
    },
    "1078336729": {
        "plan": "𝗙𝗥𝗘𝗘",
        "timer": "none"
    },
    "1806810814": {
        "plan": "𝗙𝗥𝗘𝗘",
        "timer": "none"
    },
    "6932055271": {
        "plan": "𝗙𝗥𝗘𝗘",
        "timer": "none"
    },
    "5830893437": {
        "plan": "𝗙𝗥𝗘𝗘",
        "timer": "none"
    },
    "5085975326": {
        "plan": "𝗙𝗥𝗘𝗘",
        "timer": "none"
    },
    "6086979259": {
        "plan": "𝗙𝗥𝗘𝗘",
        "timer": "none"
    },
    "6500049485": {
        "plan": "𝗙𝗥𝗘𝗘",
        "timer": "none"
    },
    "843841687": {
        "plan": "𝗙𝗥𝗘𝗘",
        "timer": "none"
    },
    "6833721252": {
        "plan": "𝗙𝗥𝗘𝗘",
        "timer": "none"
    },
    "7036388533": {
        "plan": "𝗙𝗥𝗘𝗘",
        "timer": "none"
    },
    "5393745845": {
        "plan": "𝗙𝗥𝗘𝗘",
        "timer": "none"
    },
    "5801576847": {
        "plan": "𝗙𝗥𝗘𝗘",
        "timer": "none"
    },
    "6802995083": {
        "plan": "𝗙𝗥𝗘𝗘",
        "timer": "none"
    },
    "5483695899": {
        "plan": "𝗙𝗥𝗘𝗘",
        "timer": "none"
    },
    "5945900728": {
        "plan": "𝗙𝗥𝗘𝗘",
        "timer": "none"
    },
    "7169327604": {
        "plan": "𝗩𝗜𝗣",
        "timer": "2024-07-19 04:43",
        "paln": "𝗙𝗥𝗘𝗘"
    },
    "1234320727": {
        "plan": "𝗙𝗥𝗘𝗘",
        "timer": "none"
    },
    "6633811828": {
        "plan": "𝗙𝗥𝗘𝗘",
        "timer": "none"
    },
    "5871846598": {
        "plan": "𝗙𝗥𝗘𝗘",
        "timer": "none"
    },
    "1017819037": {
        "plan": "𝗙𝗥𝗘𝗘",
        "timer": "none"
    },
    "566496104": {
        "plan": "𝗙𝗥𝗘𝗘",
        "timer": "none"
    },
    "5345772681": {
        "plan": "𝗙𝗥𝗘𝗘",
        "timer": "none"
    },
    "6892877320": {
        "plan": "𝗙𝗥𝗘𝗘",
        "timer": "none"
    },
    "5597021807": {
        "plan": "𝗙𝗥𝗘𝗘",
        "timer": "none"
    },
    "6230035511": {
        "plan": "𝗙𝗥𝗘𝗘",
        "timer": "none"
    },
    "6483229907": {
        "plan": "𝗙𝗥𝗘𝗘",
        "timer": "none"
    },
    "7220744635": {
        "plan": "𝗙𝗥𝗘𝗘",
        "timer": "none"
    },
    "767410585": {
        "plan": "𝗙𝗥𝗘𝗘",
        "timer": "none"
    },
    "6426971207": {
        "plan": "𝗙𝗥𝗘𝗘",
        "timer": "none"
    },
    "6517856864": {
        "plan": "𝗙𝗥𝗘𝗘",
        "timer": "none"
    },
    "5268530944": {
        "plan": "𝗙𝗥𝗘𝗘",
        "timer": "none"
    },
    "1923196826": {
        "plan": "𝗙𝗥𝗘𝗘",
        "timer": "none"
    },
    "6618854348": {
        "plan": "𝗙𝗥𝗘𝗘",
        "timer": "none"
    },
    "810799455": {
        "plan": "𓆩𝗙𝗥𝗘𝗘𓆪 ",
        "timer": "none"
    },
    "5434512420": {
        "plan": "𝗙𝗥𝗘𝗘",
        "timer": "none"
    },
    "5598714207": {
        "plan": "𝗙𝗥𝗘𝗘",
        "timer": "none"
    },
    "6403837327": {
        "plan": "𝗙𝗥𝗘𝗘",
        "timer": "none"
    },
    "5697294848": {
        "plan": "𝗙𝗥𝗘𝗘",
        "timer": "none"
    },
    "7174304582": {
        "plan": "𝗙𝗥𝗘𝗘",
        "timer": "none"
    },
    "6183119613": {
        "plan": "𝗙𝗥𝗘𝗘",
        "timer": "none"
    },
    "1888652898": {
        "plan": "𝗙𝗥𝗘𝗘",
        "timer": "none"
    },
    "1259109698": {
        "plan": "𝗙𝗥𝗘𝗘",
        "timer": "none"
    },
    "6475735142": {
        "plan": "𝗙𝗥𝗘𝗘",
        "timer": "none"
    },
    "5801763344": {
        "plan": "𝗙𝗥𝗘𝗘",
        "timer": "none"
    },
    "5246892464": {
        "plan": "𝗙𝗥𝗘𝗘",
        "timer": "none"
    },
    "5041027450": {
        "plan": "𝗙𝗥𝗘𝗘",
        "timer": "none"
    },
    "5664687147": {
        "plan": "𝗙𝗥𝗘𝗘",
        "timer": "none"
    },
    "6089888452": {
        "plan": "𝗩𝗜𝗣",
        "timer": "none",
        "paln": "𝗙𝗥𝗘𝗘"
    },
    "7026684201": {
        "plan": "𝗙𝗥𝗘𝗘",
        "timer": "none"
    },
    "5504511691": {
        "plan": "𝗙𝗥𝗘𝗘",
        "timer": "none"
    },
    "6853587569": {
        "plan": "𝗙𝗥𝗘𝗘",
        "timer": "none"
    },
    "1861909845": {
        "plan": "𝗙𝗥𝗘𝗘",
        "timer": "none"
    },
    "6402072312": {
        "plan": "𝗙𝗥𝗘𝗘",
        "timer": "none"
    },
    "5640085157": {
        "plan": "𝗙𝗥𝗘𝗘",
        "timer": "none"
    },
    "6135466797": {
        "plan": "𝗙𝗥𝗘𝗘",
        "timer": "none"
    },
    "6330755634": {
        "plan": "𝗙𝗥𝗘𝗘",
        "timer": "none"
    },
    "7165128225": {
        "plan": "𝗩𝗜𝗣",
        "timer": "none",
        "paln": "𝗙𝗥𝗘𝗘"
    },
    "6444869101": {
        "plan": "𝗙𝗥𝗘𝗘",
        "timer": "none"
    },
    "1297675437": {
        "plan": "𝗙𝗥𝗘𝗘",
        "timer": "none"
    },
    "6728539236": {
        "plan": "𝗩𝗜𝗣",
        "timer": "2024-07-19 05:02"
    },
    "5617279645": {
        "plan": "𝗙𝗥𝗘𝗘",
        "timer": "none"
    },
    "6726550855": {
        "plan": "𝗙𝗥𝗘𝗘",
        "timer": "none"
    },
    "6571262866": {
        "plan": "𝗩𝗜𝗣",
        "timer": "none",
        "paln": "𝗙𝗥𝗘𝗘"
    },
    "-1001884769787": {
        "plan": "𝗙𝗥𝗘𝗘",
        "timer": "none"
    },
    "1739187674": {
        "plan": "𝗙𝗥𝗘𝗘",
        "timer": "none"
    },
    "5023850793": {
        "plan": "𝗩𝗜𝗣",
        "timer": "2024-08-29 19:40"
    },
    "6020205067": {
        "plan": "𝗩𝗜𝗣",
        "timer": "2024-07-23 08:44"
    },
    "7145747705": {
        "plan": "𝗙𝗥𝗘𝗘",
        "timer": "none"
    },
    "6576281338": {
        "plan": "𝗙𝗥𝗘𝗘",
        "timer": "none"
    },
    "6835601128": {
        "plan": "𝗙𝗥𝗘𝗘",
        "timer": "none"
    },
    "7351872612": {
        "plan": "𝗙𝗥𝗘𝗘",
        "timer": "none"
    },
    "ccmerochk-Y43J-0IWE-R8I0": {
        "plan": "𝗩𝗜𝗣",
        "time": "2024-07-22 01:16"
    }
}