{
    "44545": "re",
    "5267630441": "Pro",
    "6517827811": {
        "plan": "𝗩𝗜𝗣",
        "timer": "2024-07-11 14:29"
    },
    "5323937499": {
        "plan": "𝗩𝗜𝗣",
        "timer": "2024-07-06 22:28"
    },
    "5937067317": {
        "plan": "𝗩𝗜𝗣",
        "timer": "2024-07-11 14:29"
    },
    "1218380390": {
        "plan": "𝗙𝗥𝗘𝗘",
        "timer": "none"
    },
    "2134456129": {
        "plan": "𝗩𝗜𝗣",
        "timer": "2025-06-21 17:19"
    },
    "6483229907": {
        "plan": "𝗩𝗜𝗣",
        "timer": "2024-08-20 01:07"
    },
    "5769229167": {
        "plan": "𝗙𝗥𝗘𝗘",
        "timer": "none"
    },
    "6519101399": {
        "plan": "𝗙𝗥𝗘𝗘",
        "timer": "none"
    },
    "1297675437": {
        "plan": "𝗙𝗥𝗘𝗘",
        "timer": "none"
    },
    "6690835273": {
        "plan": "𝗙𝗥𝗘𝗘",
        "timer": "none"
    },
    "1855455981": {
        "plan": "𝗙𝗥𝗘𝗘",
        "timer": "none"
    },
    "6586328103": {
        "plan": "𝗙𝗥𝗘𝗘",
        "timer": "none"
    },
    "1664632233": {
        "plan": "𝗙𝗥𝗘𝗘",
        "timer": "none"
    },
    "777000": {
        "plan": "𝗙𝗥𝗘𝗘",
        "timer": "none"
    },
    "5003296715": {
        "plan": "𝗙𝗥𝗘𝗘",
        "timer": "none"
    },
    "5268530944": {
        "plan": "𝗩𝗜𝗣",
        "time": "2024-08-15 01:27"
    },
    "6628329690": {
        "plan": "𝗙𝗥𝗘𝗘",
        "timer": "none"
    },
    "6443801542": {
        "plan": "𝗙𝗥𝗘𝗘",
        "timer": "none"
    },
    "6892877320": {
        "plan": "𝗙𝗥𝗘𝗘",
        "timer": "none"
    },
    "6272481347": {
        "plan": "𝗙𝗥𝗘𝗘",
        "timer": "none"
    },
    "7113416108": {
        "plan": "𝗙𝗥𝗘𝗘",
        "timer": "none"
    },
    "7169327604": {
        "plan": "𝗙𝗥𝗘𝗘",
        "timer": "none"
    },
    "1249330451": {
        "plan": "𝗩𝗜𝗣",
        "timer": "2024-08-19 17:25"
    },
    "6304872434": {
        "plan": "𝗩𝗜𝗣",
        "timer": "2024-08-20 19:07"
    },
    "6989709226": {
        "plan": "𝗩𝗜𝗣",
        "timer": "2024-08-19 15:10"
    },
    "6715491696": {
        "plan": "𝗩𝗜𝗣",
        "timer": "none",
        "paln": "𝗙𝗥𝗘𝗘"
    },
    "1158900140": {
        "plan": "𝗙𝗥𝗘𝗘",
        "timer": "none"
    },
    "6814491535": {
        "plan": "𝗩𝗜𝗣",
        "timer": "2024-08-19 14:16"
    },
    "5092530596": {
        "plan": "𝗙𝗥𝗘𝗘",
        "timer": "none"
    },
    "1590352701": {
        "plan": "𝗙𝗥𝗘𝗘",
        "timer": "none"
    },
    "7264601625": {
        "plan": "𝗙𝗥𝗘𝗘",
        "timer": "none"
    },
    "6192555279": {
        "plan": "𝗙𝗥𝗘𝗘",
        "timer": "none"
    },
    "5292715406": {
        "plan": "𝗙𝗥𝗘𝗘",
        "timer": "none"
    },
    "6569295882": {
        "plan": "𝗩𝗜𝗣",
        "timer": "2024-08-19 14:13"
    },
    "2144307339": {
        "plan": "𝗙𝗥𝗘𝗘",
        "timer": "none"
    },
    "5601329450": {
        "plan": "𝗙𝗥𝗘𝗘",
        "timer": "none"
    },
    "6430921448": {
        "plan": "𝗙𝗥𝗘𝗘",
        "timer": "none"
    },
    "1816735048": {
        "plan": "𝗙𝗥𝗘𝗘",
        "timer": "none"
    },
    "7364960289": {
        "plan": "𝗙𝗥𝗘𝗘",
        "timer": "none"
    },
    "5705487207": {
        "plan": "𝗙𝗥𝗘𝗘",
        "timer": "none"
    },
    "5662941850": {
        "plan": "𝗙𝗥𝗘𝗘",
        "timer": "none"
    },
    "6741715801": {
        "plan": "𝗙𝗥𝗘𝗘",
        "timer": "none"
    },
    "6843321125": {
        "plan": "𝗙𝗥𝗘𝗘",
        "timer": "none"
    },
    "6262532832": {
        "plan": "𝗙𝗥𝗘𝗘",
        "timer": "none"
    },
    "6519232066": {
        "plan": "𝗙𝗥𝗘𝗘",
        "timer": "none"
    },
    "2067758510": {
        "plan": "𝗙𝗥𝗘𝗘",
        "timer": "none"
    },
    "6366883448": {
        "plan": "𝗙𝗥𝗘𝗘",
        "timer": "none"
    },
    "6101668939": {
        "plan": "𝗙𝗥𝗘𝗘",
        "timer": "none"
    },
    "6282071541": {
        "plan": "𝗙𝗥𝗘𝗘",
        "timer": "none"
    },
    "6671700330": {
        "plan": "𝗙𝗥𝗘𝗘",
        "timer": "none"
    },
    "7177710438": {
        "plan": "𝗙𝗥𝗘𝗘",
        "timer": "none"
    },
    "5030780968": {
        "plan": "𝗩𝗜𝗣",
        "timer": "2024-08-19 14:23"
    },
    "6758498668": {
        "plan": "𝗙𝗥𝗘𝗘",
        "timer": "none"
    },
    "6443633962": {
        "plan": "𝗙𝗥𝗘𝗘",
        "timer": "none"
    },
    "1259109698": {
        "plan": "𝗙𝗥𝗘𝗘",
        "timer": "none"
    },
    "6773863622": {
        "plan": "𝗙𝗥𝗘𝗘",
        "timer": "none"
    },
    "5889867818": {
        "plan": "𝗙𝗥𝗘𝗘",
        "timer": "none"
    },
    "7113641487": {
        "plan": "𝗙𝗥𝗘𝗘",
        "timer": "none"
    },
    "1826426246": {
        "plan": "𝗙𝗥𝗘𝗘",
        "timer": "none"
    },
    "6052844332": {
        "plan": "𝗙𝗥𝗘𝗘",
        "timer": "none"
    },
    "5506004162": {
        "plan": "𝗙𝗥𝗘𝗘",
        "timer": "none"
    },
    "7086446674": {
        "plan": "𝗙𝗥𝗘𝗘",
        "timer": "none"
    },
    "-1002195915575": {
        "plan": "𝗩𝗜𝗣",
        "timer": "2035-08-19 14:23"
    },
    "5816107113": {
        "plan": "𝗙𝗥𝗘𝗘",
        "timer": "none"
    },
    "2103439224": {
        "plan": "𝗙𝗥𝗘𝗘",
        "timer": "none"
    },
    "7031173616": {
        "plan": "𝗙𝗥𝗘𝗘",
        "timer": "none"
    },
    "1124443358": {
        "plan": "𝗙𝗥𝗘𝗘",
        "timer": "none"
    },
    "6668083773": {
        "plan": "𝗙𝗥𝗘𝗘",
        "timer": "none"
    },
    "6331492425": {
        "plan": "𝗙𝗥𝗘𝗘",
        "timer": "none"
    },
    "5830839438": {
        "plan": "𝗙𝗥𝗘𝗘",
        "timer": "none"
    },
    "5770036341": {
        "plan": "𝗙𝗥𝗘𝗘",
        "timer": "none"
    },
    "884053131": {
        "plan": "𝗙𝗥𝗘𝗘",
        "timer": "none"
    },
    "6965324144": {
        "plan": "𝗙𝗥𝗘𝗘",
        "timer": "none"
    },
    "6481163712": {
        "plan": "𝗙𝗥𝗘𝗘",
        "timer": "none"
    },
    "5698023444": {
        "plan": "𝗙𝗥𝗘𝗘",
        "timer": "none"
    },
    "1752214702": {
        "plan": "𝗙𝗥𝗘𝗘",
        "timer": "none"
    },
    "6681949474": {
        "plan": "𝗙𝗥𝗘𝗘",
        "timer": "none"
    },
    "5171124149": {
        "plan": "𝗙𝗥𝗘𝗘",
        "timer": "none"
    },
    "Mero-04CT-1JYX-Z74U": {
        "plan": "𝗩𝗜𝗣",
        "time": "2024-08-19 17:25"
    },
    "7153475575": {
        "plan": "𝗙𝗥𝗘𝗘",
        "timer": "none"
    },
    "5242043467": {
        "plan": "𝗙𝗥𝗘𝗘",
        "timer": "none"
    },
    "7180137984": {
        "plan": "𝗙𝗥𝗘𝗘",
        "timer": "none"
    },
    "6832956326": {
        "plan": "𝗙𝗥𝗘𝗘",
        "timer": "none"
    },
    "6424238597": {
        "plan": "𝗙𝗥𝗘𝗘",
        "timer": "none"
    },
    "868490703": {
        "plan": "𝗙𝗥𝗘𝗘",
        "timer": "none"
    },
    "5023850793": {
        "plan": "𝗩𝗜𝗣",
        "timer": "2024-08-20 05:50"
    },
    "Mero-R2KN-5LLI-LR73": {
        "plan": "𝗩𝗜𝗣",
        "time": "2024-08-19 22:52"
    },
    "1518949688": {
        "plan": "𝗩𝗜𝗣",
        "timer": "2024-08-20 05:53"
    },
    "1040317839": {
        "plan": "𝗙𝗥𝗘𝗘",
        "timer": "none"
    },
    "6154386629": {
        "plan": "𝗙𝗥𝗘𝗘",
        "timer": "none"
    }
}