{
    "44545": "re",
    "5267630441": "Pro",
    "6517827811": {
        "plan": "𝗩𝗜𝗣",
        "timer": "2024-07-11 14:29"
    },
    "5323937499": {
        "plan": "𝗩𝗜𝗣",
        "timer": "2024-07-06 22:28"
    },
    "5937067317": {
        "plan": "𝗩𝗜𝗣",
        "timer": "2024-07-11 14:29"
    },
    "1218380390": {
        "plan": "𝗙𝗥𝗘𝗘",
        "timer": "none"
    },
    "2134456129": {
        "plan": "𝗩𝗜𝗣",
        "timer": "2025-06-21 17:19"
    },
    "6483229907": {
        "plan": "𝗙𝗥𝗘𝗘",
        "timer": "none"
    },
    "5769229167": {
        "plan": "𝗙𝗥𝗘𝗘",
        "timer": "none"
    },
    "6519101399": {
        "plan": "𝗙𝗥𝗘𝗘",
        "timer": "none"
    },
    "1297675437": {
        "plan": "𝗙𝗥𝗘𝗘",
        "timer": "none"
    }
}